{
  "lab_id": "cb87a095-3410-4270-81f0-20f8df928696",
  "total_backtests": 990,
  "top_performers": [
    {
      "backtest_id": "cb87a095-3410-4270-81f0-20f8df928696_d52cc4cb-cf14-4c4e-becf-334e0a2eb99c",
      "script_name": "[pshaiBot] RSI-VWAP Trading Bot for Deribit (port)",
      "market_tag": "BINANCEFUTURES_SOL_USDT_PERPETUAL",
      "starting_balance": 16.07,
      "current_balance": 1187.8145,
      "realized_profits": 13416.07,
      "total_pnl": 13509.669999999998,
      "roe_percentage": 84067.64156813938,
      "win_rate": 0.2857142857142857,
      "total_positions": 14,
      "winning_positions": 4,
      "total_trades": 1.58884362,
      "winning_trades": 221678.92,
      "losing_trades": -91084.24,
      "max_drawdown": 94.07569079031656,
      "position_history": [
        221678.92,
        6614.16,
        -12584.56,
        -14389.48,
        -12270.35,
        -12185.84,
        -11819.48,
        -12781.96,
        -11076.59,
        -91084.24,
        -14186.8,
        7605.96,
        859.0,
        -30869.07
      ],
      "running_balance": [
        16.07,
        221694.99000000002,
        228309.15000000002,
        215724.59000000003,
        201335.11000000002,
        189064.76,
        176878.92,
        165059.44,
        152277.48,
        141200.89,
        50116.65000000001,
        35929.850000000006,
        43535.810000000005,
        44394.810000000005,
        13525.740000000005
      ],
      "roe_accumulation": [
        0.0,
        1379458.120721842,
        1420616.5525824518,
        1342305.6627255757,
        1252763.161169882,
        1176407.529558183,
        1100577.7846919727,
        1027027.8158058494,
        947488.5500933416,
        878561.4187927817,
        311764.6546359677,
        223483.38518979467,
        270813.56565028004,
        276158.9296826385,
        84067.64156813943
      ],
      "analysis_timestamp": "2025-09-23T13:11:21.123082"
    },
    {
      "backtest_id": "cb87a095-3410-4270-81f0-20f8df928696_fc50c9f9-cdd5-4f03-abb6-21a332b446aa",
      "script_name": "[pshaiBot] RSI-VWAP Trading Bot for Deribit (port)",
      "market_tag": "BINANCEFUTURES_SOL_USDT_PERPETUAL",
      "starting_balance": 21.76,
      "current_balance": 1187.8145,
      "realized_profits": 13381.76,
      "total_pnl": 13615.350000000026,
      "roe_percentage": 62570.54227941188,
      "win_rate": 0.11764705882352941,
      "total_positions": 17,
      "winning_positions": 2,
      "total_trades": 2.31699581,
      "winning_trades": 175030.28,
      "losing_trades": -44116.26,
      "max_drawdown": 93.28055711847462,
      "position_history": [
        175030.28,
        27897.97,
        -82.96,
        -9585.16,
        -19896.99,
        -10109.41,
        -10038.59,
        -9384.0,
        -9638.99,
        -9406.29,
        -9258.48,
        -44116.26,
        -10596.32,
        -14794.36,
        -10529.77,
        -9978.58,
        -11896.74
      ],
      "running_balance": [
        21.76,
        175052.04,
        202950.01,
        202867.05000000002,
        193281.89,
        173384.90000000002,
        163275.49000000002,
        153236.90000000002,
        143852.90000000002,
        134213.91000000003,
        124807.62000000002,
        115549.14000000003,
        71432.88000000003,
        60836.560000000034,
        46042.20000000003,
        35512.43000000004,
        25533.850000000035,
        13637.110000000035
      ],
      "roe_accumulation": [
        0.0,
        804367.0955882352,
        932574.6783088234,
        932193.4283088234,
        888143.9797794117,
        796705.606617647,
        750246.9209558823,
        704113.6948529412,
        660988.6948529412,
        616691.8658088236,
        573464.4301470589,
        530916.268382353,
        328176.1029411766,
        279479.7794117648,
        211490.99264705897,
        163100.50551470605,
        117243.06066176487,
        62570.542279411915
      ],
      "analysis_timestamp": "2025-09-23T13:11:21.131180"
    },
    {
      "backtest_id": "cb87a095-3410-4270-81f0-20f8df928696_13745735-c3fa-41cd-b9c9-ac41d7d784fc",
      "script_name": "[pshaiBot] RSI-VWAP Trading Bot for Deribit (port)",
      "market_tag": "BINANCEFUTURES_SOL_USDT_PERPETUAL",
      "starting_balance": 9.38,
      "current_balance": 1187.8145,
      "realized_profits": 5169.38,
      "total_pnl": 5230.019999999855,
      "roe_percentage": 55757.14285714131,
      "win_rate": 0.1724137931034483,
      "total_positions": 29,
      "winning_positions": 5,
      "total_trades": 0.50625482,
      "winning_trades": 347073.88,
      "losing_trades": -54702.17,
      "max_drawdown": 98.58501865477662,
      "position_history": [
        347073.88,
        23197.24,
        -10791.56,
        -10216.31,
        -19221.08,
        -9578.44,
        -19111.78,
        -17422.08,
        -9289.78,
        -8765.4,
        -8764.52,
        -9069.57,
        -7645.08,
        -13147.56,
        16657.36,
        -43641.35,
        -42828.54,
        -15045.14,
        -15573.64,
        20026.76,
        -18334.56,
        -54702.17,
        -18178.27,
        19780.08,
        -11648.62,
        -17328.04,
        -23436.38,
        -9355.92,
        -8409.51
      ],
      "running_balance": [
        9.38,
        347083.26,
        370280.5,
        359488.94,
        349272.63,
        330051.55,
        320473.11,
        301361.32999999996,
        283939.24999999994,
        274649.4699999999,
        265884.0699999999,
        257119.5499999999,
        248049.9799999999,
        240404.8999999999,
        227257.3399999999,
        243914.6999999999,
        200273.3499999999,
        157444.80999999988,
        142399.66999999987,
        126826.02999999987,
        146852.78999999986,
        128518.22999999986,
        73816.05999999987,
        55637.78999999986,
        75417.86999999986,
        63769.24999999986,
        46441.20999999986,
        23004.82999999986,
        13648.90999999986,
        5239.39999999986
      ],
      "roe_accumulation": [
        0.0,
        3700147.974413646,
        3947453.304904051,
        3832404.690831556,
        3723488.8059701486,
        3518573.2409381657,
        3416457.6759061827,
        3212707.3560767584,
        3026970.895522387,
        2927932.7292110864,
        2834484.968017056,
        2741046.5884861397,
        2644356.0767590604,
        2562852.0255863527,
        2422686.140724946,
        2600269.936034114,
        2135010.3411513846,
        1678416.0980810218,
        1518020.1492537297,
        1351989.8720682287,
        1565494.7761194012,
        1370030.3837953075,
        786851.59914712,
        593053.4115138578,
        803928.4648187618,
        679742.7505330476,
        495008.84861407103,
        245154.0511727064,
        145410.76759061683,
        55757.142857141356
      ],
      "analysis_timestamp": "2025-09-23T13:11:21.153047"
    }
  ],
  "analysis_timestamp": "2025-09-23T13:11:21.203360"
}